variable	mean_min_depth	no_of_nodes	mse_increase	node_purity_increase	no_of_trees	times_a_root	p_value
1	7.73393582224002	38951	0.049273080922073	28.9698534873702	9787	42	0
100	9.56754206786107	22539	0.0410112579200077	24.0236648882163	8987	0	4.60286196493637e-112
101	14.2709251526374	8071	0.00418756426798505	12.8233378363201	5565	0	1
102	14.2424166549895	6908	0.0661328665656336	23.2202128599728	5027	0	1
103	20.8952039435492	98	9.74835737043199e-07	0.133462763956314	98	0	1
104	10.3730030227204	16970	0.0212021299012364	24.3546581026156	8265	0	1
105	9.99158292463217	22277	0.0158172976292319	17.1215985619506	8966	0	3.5652343758559e-95
107	8.16629198278451	29449	0.0124661781066303	19.2545100958301	9515	1	0
108	5.45849312381143	47972	0.0945159514626707	57.6051571366312	9927	0	0
109	17.1323369632669	4013	-0.0012501335238935	2.90133729160387	3318	0	1
11	18.8682564107697	1867	0.00254666033962884	4.4986750998623	1702	0	1
110	9.29945326794115	26135	0.0415513520944205	18.0817998602285	9323	0	0
111	6.52124678210389	47240	0.122572275868887	56.8203051820985	9928	16	0
112	17.1086386147533	4387	0.000475716815178163	3.06324490946517	3629	0	1
113	12.6970426583926	11321	0.00170748266209637	10.5062360473746	6865	0	1
115	6.69433922530277	47938	0.0552385078106212	42.7522568104189	9915	0	0
119	5.12035495946352	49783	0.325622594428944	158.85179819085	9939	796	0
12	7.47795293764388	46541	0.0178722757190528	25.5256959359378	9912	1	0
120	9.01535223701331	27992	0.0275397418710624	18.9332822083225	9410	0	0
121	NA	0	0	0	0	0	1
122	7.04387008307477	32826	0.0610611094350139	42.4130612438581	9661	0	0
123	8.24154909418477	25444	0.0841848332266923	42.7440707941803	9306	0	0
125	13.059218496647	12245	0.0150632526122774	12.1442882667691	7131	0	1
127	9.76655850265239	20623	0.0089170519744026	16.1163950295748	8761	0	3.21764075302864e-20
129	14.8959551396257	8159	0.00115476075588163	4.4279045291094	5612	0	1
130	14.1795222900611	7465	0.00818720572176567	16.3761960598787	5395	0	1
133	12.714581443299	10987	0.00142344476323943	8.43446924221285	6715	0	1
136	14.6230346511861	9362	0.00155685991140834	5.82531141280716	6135	0	1
137	8.11246261635472	35286	0.0220214201807982	27.8959935250816	9721	2	0
138	10.9521576618957	18122	0.0381959463258677	24.57901736302	8395	0	1
139	10.314798798919	16948	0.00278811153320578	13.7705268273066	8177	1	1
14	8.72180410369332	25192	0.0246080587945683	21.4312212658681	9227	0	0
141	4.5740496246622	36435	0.379139721480181	128.989465761572	9802	1	0
142	12.2776766890201	14527	0.00289067396835073	13.281219636662	7712	0	1
143	11.9656387949154	15401	0.00208329888107896	9.13960623340889	7945	0	1
145	8.04817896106496	27485	0.0378100529890265	33.6497339529721	9411	0	0
146	7.29247060354319	45010	0.0299080675559802	28.9220223862613	9882	0	0
147	10.6915606645981	15902	0.0156408192278459	16.6593818031955	8098	0	1
148	5.44680364327895	55559	0.163803738033234	95.4839298960314	9955	403	0
149	16.0831338604744	5236	0.000177526425516057	5.10288316724515	4119	0	1
15	11.7088013812431	12308	0.0174750744659116	25.1674336793752	7238	0	1
151	6.61527783004704	52247	0.020245602020679	34.069581911604	9947	0	0
153	17.627395115604	3384	-0.00028806404655791	2.61759948212371	2888	0	1
155	4.8086870383345	55498	0.462667961752004	234.829088864334	9970	1365	0
158	12.0857857872085	12727	0.01067294679625	12.2866571856761	7222	0	1
159	12.2206496646982	14172	0.0105457706283506	9.19410462856102	7597	0	1
16	7.07042586327695	40073	0.0228853359201255	26.7991857472101	9827	2	0
160	16.1456903613252	5905	0.000362643328136492	3.27787677262468	4509	0	1
161	3.32269042137924	63982	0.866753880212819	435.395438953555	9991	2384	0
162	17.9881336803123	2806	-0.000375263436263766	3.8840393336882	2493	0	1
165	11.8641722149935	14320	-0.00187157095595777	16.6048085540269	7688	0	1
166	17.3766859373436	4296	0.000597496527886333	2.44749794184107	3485	0	1
167	18.2951722750475	2648	0.00136932113854924	4.4439336940032	2400	0	1
169	15.8831076168552	5815	0.00267117332339104	6.96211271609647	4490	0	1
17	18.8853618256431	1881	0.000625837302331578	1.50461025957954	1741	0	1
170	6.47686171554399	51479	0.0735137400531131	48.821475516288	9944	96	0
171	13.9524528275448	8831	0.0113002227973202	13.0697490171931	5950	0	1
172	20.8465288960064	181	-3.36999031996997e-06	0.0672521355214351	180	0	1
173	18.9606523671304	1808	0.000219601894969652	1.83534009440565	1662	0	1
175	19.9255550795716	1106	0.000358638030199681	0.677734567003535	1047	0	1
176	18.413656791112	2555	0.0011344568562467	1.73561786908287	2266	0	1
177	5.17861585426884	51565	0.22879036358103	126.337248104449	9936	551	0
179	8.52505152637374	30046	0.00930631916981893	20.9695132343744	9502	0	0
18	10.7824685216695	15440	0.00297506759987199	12.6029800823861	7876	0	1
180	13.3927731758583	9816	0.0134704808366906	13.7814442418845	6367	0	1
181	19.8244664798318	1239	-0.000208912710914178	0.499094512975888	1188	0	1
185	8.91113416074467	22829	0.0268095806018322	25.5167251882185	9064	0	2.62564857449632e-132
187	4.4387371634471	56472	0.179620515047659	122.407512793636	9976	1	0
19	11.3543102792513	16950	0.00354598293362752	9.37508695937268	8221	0	1
190	15.4820360124112	6299	0.00139837858763042	4.72382269752163	4742	0	1
195	17.1104849764788	3906	0.00256333531304263	5.34416015126138	3294	0	1
199	5.8804149334401	58290	0.0484144315208177	50.8379454115859	9983	70	0
2	6.14995904313882	54887	0.0709860654371472	53.9962109756781	9947	123	0
20	14.7618398358523	9366	0.0002494226963529	5.52641571910261	6142	0	1
202	8.88043667300571	26300	0.000370469617888081	16.0019942591232	9337	0	0
21	10.5194745470924	16809	0.00113773369043171	11.5939572191071	8180	0	1
210	19.8073710539486	1168	5.4194968642006e-05	0.833397063626663	1110	0	1
212	15.5497327594835	5226	-0.000244099022488977	6.72950513473253	4091	0	1
214	16.3436093083775	4405	0.0324413707322562	13.2395969270378	3608	0	1
216	8.72664490041037	25634	0.00611273966139067	16.3979792224072	9285	0	0
217	14.042762946652	9500	0.00201486375277643	6.23676977930055	6188	0	1
22	7.51091428285457	32626	0.0102617142891072	22.6612908689256	9688	0	0
222	13.5770214192774	10474	0.00692732842496736	6.54563541822974	6586	0	1
23	8.78177305575018	22032	0.0135141215231698	23.0170634383245	8938	3	1.34570317745669e-80
24	5.94940522470223	54743	0.0657540358138757	55.7173233573507	9973	0	0
26	14.5227125012511	7903	-0.000120858302877305	6.28928316213358	5508	0	1
28	10.9436408968071	16798	0.0211186882922451	15.7653288940136	8150	0	1
29	8.47953291962766	23744	0.0238146940871822	23.8446193222114	9104	0	1.23317080128535e-206
3	6.86002610349314	29580	0.141101121965404	57.6546415787363	9547	2	0
30	12.139914783305	11052	0.011771327731102	18.2962096459297	6768	0	1
31	13.2912108297468	10255	-0.000356877042546804	7.49782065850653	6534	0	1
33	13.1001208287459	11554	0.00772535224036512	8.78912677732177	6895	0	1
35	15.5076102292063	5792	0.00213651263356382	6.79439795395464	4582	0	1
36	3.49516538884996	59753	0.831834204878047	444.401921080871	9984	2770	0
37	19.2101018316485	1384	-8.52323771110767e-05	2.94193234833273	1334	0	1
4	13.7956811330197	9791	0.0111304571723805	9.07978004881492	6280	0	1
40	8.3015477729957	28317	0.0237350117406194	21.346792592856	9432	1	0
41	10.7236767690922	16300	0.00596088350437611	12.5637283576271	8138	0	1
42	7.35870701631468	32908	0.0546179716784313	34.0926062135571	9642	0	0
43	5.76866946251626	48824	0.158323546583107	85.1510626025356	9928	378	0
44	13.1834255229707	11591	0.00333261420066789	6.84368153709061	6849	0	1
45	7.19387562806526	15819	0.33401770260177	93.2854678977483	8714	0	1
46	9.66718122310079	18200	0.00755885047889652	21.1505681996626	8473	0	1
47	6.10955217695926	55516	0.0543345306308335	57.6096285863351	9972	161	0
48	7.61260472425183	31424	0.0325285127928896	25.7136835001067	9582	0	0
49	6.90883118806926	38848	0.0763670880207201	40.5401412515461	9809	4	0
5	6.91295311780603	40211	0.0324869745574517	30.6739152064503	9838	0	0
50	20.6561404063657	258	-0.000106782007753034	0.486836360242965	257	0	1
51	12.1511891101992	13245	0.013152643446987	9.46920083193923	7419	0	1
52	13.8549785406866	9378	0.00857455717201939	7.55645561030522	6158	0	1
53	19.4893546792113	1380	0.000373364370873046	1.53057576908944	1298	0	1
54	14.0724764488039	9998	0.00193083453855489	6.52427445215693	6370	0	1
55	17.6890705835252	3246	0.00122736421275448	5.66922101594959	2810	0	1
56	10.9415855670103	7715	0.0331181534541309	49.6499442135982	5864	0	1
57	13.966816094485	8015	0.00381955681249673	14.2166003229447	5613	0	1
58	16.4105122610349	3956	-0.00133999362811176	6.93346102545879	3451	0	1
59	11.4720006405765	11140	0.0423498915277128	28.433970982109	6879	0	1
6	8.11569178260434	28114	0.00817630197693713	24.0189930920165	9428	0	0
60	16.0175314182764	5966	0.000328766331574412	3.09666979712123	4489	0	1
61	12.5234953257932	14331	0.0022606407696106	7.59592743639205	7642	0	1
62	11.4415371834651	13996	0.00289769956968094	11.5517329960654	7601	0	1
63	8.53837047342608	23451	0.00289964805197462	21.660494233083	9074	0	3.96715851078175e-181
64	20.8879831248123	176	-8.33177256899113e-08	0.0279685487710141	174	0	1
66	12.3278563507156	13628	0.00671225408355769	11.047176697203	7487	0	1
67	14.6242131518367	9366	0.000530350360101835	5.34141721011617	6143	0	1
68	19.3320619157242	1570	-0.000161160286152768	0.881784417615521	1458	0	1
69	7.84187919127214	28390	0.0508862276849821	32.4254314914762	9416	1	0
7	5.72480612551296	45445	0.12883617867451	64.0045628470618	9901	0	0
70	7.13408597737964	39846	0.0129218134713189	28.5136543842353	9826	0	0
71	17.1677899109198	4006	0.00156212079716455	3.60008011603133	3346	0	1
72	17.124834531078	4653	-0.000687571997189872	2.59991847826098	3742	0	1
73	15.2462224401962	8257	0.000214284842326957	4.76399171139976	5629	0	1
74	6.47406201581423	52244	0.0500265456471552	38.2620234555101	9943	23	0
76	10.4336131118006	16278	0.000967126298010229	16.4327219878189	8068	0	1
77	17.0068183565209	4029	-0.0006844867077574	3.11834610568878	3320	0	1
79	14.6932453808428	7271	-0.000428487747782573	8.06305200495487	5338	0	1
8	8.79786736062456	23673	0.0193487156298232	22.1825992994184	9087	0	2.61726300416046e-200
80	13.0835265138625	10688	0.003456862490149	9.81764998599445	6604	0	1
81	12.4956620758683	10964	0.00253697185193963	17.5594003412275	6652	0	1
82	10.6670759283355	17602	0.00614216883568392	11.792539413417	8333	0	1
83	14.3545570413372	7970	0.0040937311863035	6.36283188419651	5474	0	1
84	5.83214763286958	51145	0.186708880298599	140.116368888784	9956	802	0
85	20.1736890401361	821	-6.65913855335017e-05	0.386101625776002	795	0	1
86	13.1552194575118	10470	0.0035739131725834	7.76786205656479	6523	0	1
87	8.93792313081773	23365	0.00858924189053029	16.2831744700023	9041	0	6.05963814305997e-174
88	7.92582718446602	33844	0.0151642930389525	23.4804976570166	9674	0	0
89	10.9110323891502	14758	0.00108644554221898	15.0869790047682	7788	0	1
9	16.70317780002	5239	0.00134097847634342	3.55570114592174	4124	0	1
90	10.7252812331098	18560	0.00887457240495841	22.5348884585317	8527	0	0.999999993417717
92	16.3927315784206	5599	-0.000737229305721328	3.3624828143955	4325	0	1
93	11.0045212891602	16282	0.0256897936854787	24.8393048452332	8070	0	1
94	20.8269125412872	218	-6.47646257733881e-06	0.0357544008250679	215	0	1
95	17.9123975978381	3613	-0.000122852471842745	1.93779579034063	3049	0	1
96	16.0175828845961	5483	0.00153789914834155	4.08746394858209	4258	0	1
97	13.5272627764988	9107	0.0128888903251637	12.0342325291161	6059	0	1
98	14.8543576418777	6906	0.00312521703974404	7.48391033823235	4995	0	1
99	18.7756038234411	1917	0.00265603659062906	2.921436331171	1762	0	1
Counts	5.02525374837354	60241	0.043658674448018	61.8475569155109	9980	0	0
